,To what extent did the game hold your attention?,To what extent did you feel you were focused on the game?,,,To what extent did you lose track of time?,To what extent did you feel consciously aware of being in the real world whilst playing?,To what extent did you forget about your everyday concerns?,To what extent were you aware of yourself in your surroundings?,To what extent did you notice events taking place around you?,Did you feel the urge at any point to stop playing and see what was happening around you?,To what extent did you feel that you were interacting with the game environment?,To what extent did you feel as though you were separated from your real-world environment?,"To what extent did you feel that the game was something you were experiencing, rather than something you were just doing?",To what extent was your sense of being in the game environment stronger than your sense of being in the real world?,At any point did you find yourself become so involved that you were unaware you were even using controls?,To what extent did you feel as though you were moving through the game according to your own will?,,,To what extent did you feel motivated while playing?,,,,,To what extent did you enjoy the graphics and the imagery?,How much would you say you enjoyed playing the game?,Would you like to play the game again?
,4,3,,,1,4,4,3,2,1,5,2,3,2,4,5,,,4,,,,,3,4,1
,1,4,,,5,5,5,3,2,1,4,3,4,5,5,5,,,5,,,,,2,5,5
,3,2,,,2,4,2,5,2,1,4,2,3,2,2,5,,,3,,,,,4,3,2
,4,5,,,2,5,2,2,2,1,5,3,3,3,5,5,,,4,,,,,4,5,1
,4,4,,,2,1,3,4,3,1,2,4,3,2,2,4,,,3,,,,,4,4,4
,4,5,,,3,3,1,3,4,1,4,4,2,2,2,5,,,4,,,,,4,3,4
,3,4,,,3,4,3,4,2,1,3,3,3,4,3,5,,,4,,,,,4,4,3
,4,4,,,4,2,3,2,3,1,3,3,2,3,2,5,,,2,,,,,3,3,2
,4,4,,,3,2,5,2,2,1,4,4,4,3,4,5,,,4,,,,,4,5,5
,4,5,,,2,2,5,4,2,2,4,4,3,4,4,4,,,4,,,,,3,4,4
,4,4,,,5,4,5,4,2,2,3,3,4,3,4,4,,,4,,,,,4,5,5
,5,5,,,4,1,4,1,1,1,4,2,3,4,4,4,,,4,,,,,4,4,2
,5,4,,,4,5,3,5,4,1,5,1,1,1,3,5,,,5,,,,,4,5,2
,4,5,,,3,4,5,2,4,1,5,3,3,4,4,4,,,4,,,,,3,4,4
,4,3,,,2,4,5,2,2,1,4,3,2,3,3,2,,,3,,,,,3,4,3
,4,4,,,1,3,2,3,2,1,4,2,2,2,4,3,,,4,,,,,2,4,4
,5,5,,,2,5,2,4,2,1,1,2,1,3,5,5,,,3,,,,,3,2,4
,5,5,,,4,4,4,4,3,2,4,3,4,3,3,4,,,4,,,,,3,4,4
,4,4,,,1,2,4,2,1,1,4,4,3,4,5,4,,,2,,,,,3,3,1
,4,4,,,2,4,3,4,4,2,4,4,4,3,3,5,,,3,,,,,4,4,3
,3,3,,,1,4,3,4,4,1,3,1,3,2,2,4,,,3,,,,,3,3,2
,2,2,,,1,3,4,2,5,1,2,4,5,3,5,5,,,2,,,,,2,4,4
,4,3,,,4,3,4,4,2,2,4,4,4,3,2,5,,,4,,,,,4,4,2
,2,3,,,4,3,4,4,4,5,4,3,4,4,2,4,,,3,,,,,5,4,5
,4,2,,,1,4,3,2,2,1,4,2,3,2,3,5,,,4,,,,,4,4,3